{
    "metrics": {
        "checks": {
            "passes": 145511,
            "fails": 127118,
            "thresholds": {
                "rate>0.99": true
            },
            "value": 0.5337326550000183
        },
        "vus": {
            "value": 0,
            "min": 0,
            "max": 2
        },
        "http_req_duration{expected_response:true}": {
            "p(99)": 15.091912000000006,
            "max": 101.5252,
            "avg": 3.8271830285981996,
            "min": 0,
            "med": 2.5711,
            "p(90)": 8.4825,
            "p(95)": 10.2975
        },
        "iterations": {
            "count": 43739,
            "rate": 91.12055438527767
        },
        "http_req_duration": {
            "avg": 1.3556183095571208,
            "min": 0,
            "med": 0.97245,
            "p(90)": 2.41005,
            "p(95)": 3.51735,
            "p(99)": 8.284965000000016,
            "max": 101.5252,
            "thresholds": {
                "p(95)<2000": false,
                "p(99)<4000": false
            }
        },
        "data_sent": {
            "count": 53914301,
            "rate": 112318.54858169438
        },
        "http_req_failed": {
            "passes": 127118,
            "fails": 12798,
            "thresholds": {
                "rate<0.03": true
            },
            "value": 0.9085308327853855
        },
        "iteration_duration": {
            "p(99)": 14.583700000000054,
            "max": 106.9925,
            "avg": 3.01916461281692,
            "min": 0,
            "med": 2.4315,
            "p(90)": 4.64952,
            "p(95)": 6.601829999999997
        },
        "http_reqs": {
            "rate": 291.48411000184075,
            "count": 139916
        },
        "vus_max": {
            "value": 160,
            "min": 160,
            "max": 160
        },
        "http_req_tls_handshaking": {
            "max": 0,
            "avg": 0,
            "min": 0,
            "med": 0,
            "p(90)": 0,
            "p(95)": 0,
            "p(99)": 0
        },
        "data_received": {
            "count": 182475460,
            "rate": 380147.35309240175
        },
        "http_req_duration{scenario:members_page}": {
            "avg": 1.2894677381749764,
            "min": 0,
            "med": 0.7803,
            "p(90)": 2.1655000000000006,
            "p(95)": 3.183739999999989,
            "p(99)": 10.733107999999996,
            "max": 101.5252,
            "thresholds": {
                "p(95)<2500": false
            }
        },
        "http_req_sending": {
            "max": 3.5137,
            "avg": 0.008341153263386605,
            "min": 0,
            "med": 0,
            "p(90)": 0,
            "p(95)": 0,
            "p(99)": 0.5133
        },
        "http_req_blocked": {
            "p(95)": 0,
            "p(99)": 0.5360950000000041,
            "max": 3.9374,
            "avg": 0.012500883387175194,
            "min": 0,
            "med": 0,
            "p(90)": 0
        },
        "http_req_connecting": {
            "avg": 0.008982428742960057,
            "min": 0,
            "med": 0,
            "p(90)": 0,
            "p(95)": 0,
            "p(99)": 0.5075,
            "max": 2.6284
        },
        "http_req_duration{scenario:dashboard_boot}": {
            "p(90)": 2.43125,
            "p(95)": 3.618525,
            "p(99)": 7.5763450000000025,
            "max": 75.1238,
            "avg": 1.3654653166803656,
            "min": 0,
            "med": 1.0247,
            "thresholds": {
                "p(95)<2200": false
            }
        },
        "http_req_receiving": {
            "avg": 0.10751722390577138,
            "min": 0,
            "med": 0,
            "p(90)": 0.54565,
            "p(95)": 0.7187,
            "p(99)": 0.9983850000000005,
            "max": 3.5606
        },
        "http_req_waiting": {
            "min": 0,
            "med": 0.80505,
            "p(90)": 2.1925999999999997,
            "p(95)": 3.247775,
            "p(99)": 8.066420000000006,
            "max": 101.5252,
            "avg": 1.2397599323879582
        }
    },
    "setup_data": {
        "baseUrl": "http://localhost:5000"
    },
    "root_group": {
        "name": "",
        "path": "",
        "id": "d41d8cd98f00b204e9800998ecf8427e",
        "groups": {
            "setup": {
                "name": "setup",
                "path": "::setup",
                "id": "5c0f8025f7e0b6654089e5b00e950f1a",
                "groups": {},
                "checks": {
                        "setup healthz status is 200": {
                            "id": "52cf0e86ae72334631543b8cf12e8409",
                            "passes": 1,
                            "fails": 0,
                            "name": "setup healthz status is 200",
                            "path": "::setup::setup healthz status is 200"
                        },
                        "setup auth works": {
                            "name": "setup auth works",
                            "path": "::setup::setup auth works",
                            "id": "83ee81d1965aef7955d85a2fdb1b0c7d",
                            "passes": 1,
                            "fails": 0
                        }
                    }
            }
        },
        "checks": {
            "healthz status is 200": {
                "name": "healthz status is 200",
                "path": "::healthz status is 200",
                "id": "b1dcb6305e1a7be2db9fd35109fecc20",
                "passes": 7201,
                "fails": 0
            },
            "auth_me status is 200": {
                "passes": 974,
                "fails": 22125,
                "name": "auth_me status is 200",
                "path": "::auth_me status is 200",
                "id": "1a3653ec9153eba6d3127b26f55b8c0d"
            },
            "auth_me content-type is json": {
                "name": "auth_me content-type is json",
                "path": "::auth_me content-type is json",
                "id": "c5beee25e4634f80c711ff05955921cd",
                "passes": 23099,
                "fails": 0
            },
            "dashboard_stats status is 200": {
                "passes": 974,
                "fails": 22125,
                "name": "dashboard_stats status is 200",
                "path": "::dashboard_stats status is 200",
                "id": "e7d0a8b48dd23f49168305a9c5b2f8b8"
            },
            "dashboard_stats content-type is json": {
                "name": "dashboard_stats content-type is json",
                "path": "::dashboard_stats content-type is json",
                "id": "9d625085f0723cbdab46b7bfb3c949a6",
                "passes": 23099,
                "fails": 0
            },
            "dashboard_setup_status status is 200": {
                "name": "dashboard_setup_status status is 200",
                "path": "::dashboard_setup_status status is 200",
                "id": "b0738c57e56758b2eed01e3df9def859",
                "passes": 973,
                "fails": 22126
            },
            "dashboard_setup_status content-type is json": {
                "name": "dashboard_setup_status content-type is json",
                "path": "::dashboard_setup_status content-type is json",
                "id": "f8ec85fa8de5a44929602e6750f42c16",
                "passes": 23099,
                "fails": 0
            },
            "notifications_list status is 200": {
                "path": "::notifications_list status is 200",
                "id": "96ad61152201b3285d80798bdc137cbf",
                "passes": 973,
                "fails": 22126,
                "name": "notifications_list status is 200"
            },
            "notifications_list content-type is json": {
                "name": "notifications_list content-type is json",
                "path": "::notifications_list content-type is json",