{
    "metrics": {
        "http_req_duration{scenario:dashboard_boot}": {
            "avg": 4616.784071554059,
            "min": 7.7226,
            "med": 4767.854600000001,
            "p(90)": 6442.522840000001,
            "p(95)": 7212.399305,
            "p(99)": 7609.606173,
            "max": 7735.7849,
            "thresholds": {
                "p(95)<2200": true
            }
        },
        "vus": {
            "value": 73,
            "min": 73,
            "max": 450
        },
        "checks": {
            "passes": 4312,
            "fails": 0,
            "thresholds": {
                "rate>0.99": false
            },
            "value": 1
        },
        "http_reqs": {
            "rate": 134.8245801467684,
            "count": 2181
        },
        "http_req_connecting": {
            "avg": 0.6223873452544706,
            "min": 0,
            "med": 0.5127,
            "p(90)": 1.3053,
            "p(95)": 2.4993,
            "p(99)": 5.006579999999998,
            "max": 26.082
        },
        "data_sent": {
            "count": 1279230,
            "rate": 79079.15986297595
        },
        "iteration_duration": {
            "p(95)": 11980.994059999999,
            "p(99)": 12240.5072,
            "max": 12378.3155,
            "avg": 8547.952785669284,
            "min": 4.8122,
            "med": 9121.9377,
            "p(90)": 11414.86828
        },
        "iterations": {
            "count": 635,
            "rate": 39.25429087262629
        },
        "http_req_failed": {
            "fails": 2181,
            "passes": 0,
            "thresholds": {
                "rate<0.03": false
            },
            "value": 0
        },
        "vus_max": {
            "value": 452,
            "min": 210,
            "max": 452
        },
        "http_req_duration{scenario:members_page}": {
            "p(90)": 8016.29,
            "p(95)": 8608.57515,
            "p(99)": 8939.902699999999,
            "max": 9704.8103,
            "avg": 5280.768018125954,
            "min": 13.5912,
            "med": 5417.5022,
            "thresholds": {
                "p(95)<2500": true
            }
        },
        "http_req_receiving": {
            "p(95)": 1.0032,
            "p(99)": 1.1001399999999995,
            "max": 6.6682,
            "avg": 0.42158262265015994,
            "min": 0,
            "med": 0.4543,
            "p(90)": 0.9506
        },
        "http_req_blocked": {
            "avg": 0.9337794589637797,
            "min": 0,
            "med": 0.5362,
            "p(90)": 1.5728,
            "p(95)": 3.0427,
            "p(99)": 6.890999999999989,
            "max": 141.7141
        },
        "http_req_duration{expected_response:true}": {
            "p(95)": 7625.781,
            "p(99)": 8656.375259999999,
            "max": 9704.8103,
            "avg": 4742.588186749195,
            "min": 3.5573,
            "med": 4792.3074,
            "p(90)": 7294.1212
        },
        "http_req_sending": {
            "med": 0,
            "p(90)": 0.544,
            "p(95)": 0.614,
            "p(99)": 1.027939999999991,
            "max": 113.5072,
            "avg": 0.22902342961944072,
            "min": 0
        },
        "data_received": {
            "count": 7594081,
            "rate": 469449.2354083224
        },
        "dropped_iterations": {
            "count": 616,
            "rate": 38.07975303549259
        },
        "http_req_tls_handshaking": {
            "max": 0,
            "avg": 0,
            "min": 0,
            "med": 0,
            "p(90)": 0,
            "p(95)": 0,
            "p(99)": 0
        },
        "http_req_waiting": {
            "p(90)": 7294.1212,
            "p(95)": 7625.781,
            "p(99)": 8655.890539999999,
            "max": 9703.9946,
            "avg": 4741.937580696929,
            "min": 1.9399,
            "med": 4791.3066
        },
        "http_req_duration": {
            "p(99)": 8656.375259999999,
            "max": 9704.8103,
            "avg": 4742.588186749195,
            "min": 3.5573,
            "med": 4792.3074,
            "p(90)": 7294.1212,
            "p(95)": 7625.781,
            "thresholds": {
                "p(95)<2000": true,
                "p(99)<4000": true
            }
        }
    },
    "setup_data": {
        "baseUrl": "http://localhost:5000"
    },
    "root_group": {
        "groups": {
            "setup": {
                "name": "setup",
                "path": "::setup",
                "id": "5c0f8025f7e0b6654089e5b00e950f1a",
                "groups": {},
                "checks": {
                        "setup healthz status is 200": {
                            "name": "setup healthz status is 200",
                            "path": "::setup::setup healthz status is 200",
                            "id": "52cf0e86ae72334631543b8cf12e8409",
                            "passes": 1,
                            "fails": 0
                        },
                        "setup auth works": {
                            "passes": 1,
                            "fails": 0,
                            "name": "setup auth works",
                            "path": "::setup::setup auth works",
                            "id": "83ee81d1965aef7955d85a2fdb1b0c7d"
                        }
                    }
            }
        },
        "checks": {
            "healthz status is 200": {
                "fails": 0,
                "name": "healthz status is 200",
                "path": "::healthz status is 200",
                "id": "b1dcb6305e1a7be2db9fd35109fecc20",
                "passes": 48
            },
            "auth_me status is 200": {
                "name": "auth_me status is 200",
                "path": "::auth_me status is 200",
                "id": "1a3653ec9153eba6d3127b26f55b8c0d",
                "passes": 370,
                "fails": 0
            },
            "auth_me content-type is json": {
                "path": "::auth_me content-type is json",
                "id": "c5beee25e4634f80c711ff05955921cd",
                "passes": 370,
                "fails": 0,
                "name": "auth_me content-type is json"
            },
            "auth_me_members status is 200": {
                "id": "269bdfb8625b97a3e47a45e145980ccb",
                "passes": 217,
                "fails": 0,
                "name": "auth_me_members status is 200",
                "path": "::auth_me_members status is 200"
            },
            "auth_me_members content-type is json": {
                "passes": 217,
                "fails": 0,
                "name": "auth_me_members content-type is json",
                "path": "::auth_me_members content-type is json",
                "id": "2c33bb0c0c24fdab64bc597b64ddd5eb"
            },
            "dashboard_stats status is 200": {
                "name": "dashboard_stats status is 200",
                "path": "::dashboard_stats status is 200",
                "id": "e7d0a8b48dd23f49168305a9c5b2f8b8",
                "passes": 370,
                "fails": 0
            },
            "dashboard_stats content-type is json": {
                "name": "dashboard_stats content-type is json",
                "path": "::dashboard_stats content-type is json",
                "id": "9d625085f0723cbdab46b7bfb3c949a6",
                "passes": 370,
                "fails": 0
            },
            "dashboard_setup_status status is 200": {
                "fails": 0,
                "name": "dashboard_setup_status status is 200",
                "path": "::dashboard_setup_status status is 200",
                "id": "b0738c57e56758b2eed01e3df9def859",
                "passes": 370
            },
            "dashboard_setup_status content-type is json": {
                "name": "dashboard_setup_status content-type is json",
                "path": "::dashboard_setup_status content-type is json",