{
    "metrics": {
        "http_req_connecting": {
            "avg": 0.013323113868320986,
            "min": 0,
            "med": 0,
            "p(90)": 0,
            "p(95)": 0,
            "p(99)": 0.577425000000003,
            "max": 5.4824
        },
        "http_req_duration{scenario:members_page}": {
            "min": 0,
            "med": 1.097,
            "p(90)": 2.8753800000000003,
            "p(95)": 3.779319999999998,
            "p(99)": 6.154963999999985,
            "max": 16.9997,
            "avg": 1.4625595034352659,
            "thresholds": {
                "p(95)<2500": false
            }
        },
        "http_req_blocked": {
            "avg": 0.019882468766974457,
            "min": 0,
            "med": 0,
            "p(90)": 0,
            "p(95)": 0,
            "p(99)": 0.8636800000000047,
            "max": 5.4824
        },
        "http_req_waiting": {
            "med": 1.1057,
            "p(90)": 2.9977,
            "p(95)": 3.899425,
            "p(99)": 6.1424500000000055,
            "max": 23.6205,
            "avg": 1.4923693380313845,
            "min": 0
        },
        "http_req_duration{scenario:dashboard_boot}": {
            "min": 0,
            "med": 1.33475,
            "p(90)": 3.3879,
            "p(95)": 4.32295,
            "p(99)": 6.452225000000002,
            "max": 24.0552,
            "avg": 1.710918506212368,
            "thresholds": {
                "p(95)<2200": false
            }
        },
        "data_received": {
            "count": 169670712,
            "rate": 353469.2148290638
        },
        "data_sent": {
            "count": 52774565,
            "rate": 109943.45360851311
        },
        "iterations": {
            "count": 43739,
            "rate": 91.11996882177533
        },
        "vus": {
            "value": 0,
            "min": 0,
            "max": 19
        },
        "http_req_receiving": {
            "p(99)": 1.0209,
            "max": 10.0922,
            "avg": 0.1580353011807077,
            "min": 0,
            "med": 0,
            "p(90)": 0.6482,
            "p(95)": 0.8232
        },
        "http_req_failed": {
            "passes": 132714,
            "fails": 7202,
            "thresholds": {
                "rate<0.03": true
            },
            "value": 0.9485262586123102
        },
        "http_reqs": {
            "count": 139916,
            "rate": 291.4822368519517
        },
        "http_req_duration{expected_response:true}": {
            "max": 23.6205,
            "avg": 2.2168942515967704,
            "min": 0,
            "med": 1.8383500000000002,
            "p(90)": 4.213990000000001,
            "p(95)": 5.671939999999999,
            "p(99)": 9.181733
        },
        "checks": {
            "passes": 139915,
            "fails": 132714,
            "thresholds": {
                "rate>0.99": true
            },
            "value": 0.5132065921086898
        },
        "http_req_tls_handshaking": {
            "avg": 0,
            "min": 0,
            "med": 0,
            "p(90)": 0,
            "p(95)": 0,
            "p(99)": 0,
            "max": 0
        },
        "iteration_duration": {
            "p(90)": 157.5258,
            "p(95)": 159.10901,
            "p(99)": 162.80465200000003,
            "max": 185.0704,
            "avg": 129.39378767004246,
            "min": 0,
            "med": 153.0879
        },
        "vus_max": {
            "max": 160,
            "value": 160,
            "min": 160
        },
        "http_req_sending": {
            "p(99)": 0.5491,
            "max": 16.2056,
            "avg": 0.015008038394465252,
            "min": 0,
            "med": 0,
            "p(90)": 0,
            "p(95)": 0
        },
        "http_req_duration": {
            "p(90)": 3.2996999999999996,
            "p(95)": 4.245225,
            "p(99)": 6.547385,
            "max": 24.0552,
            "avg": 1.6654126776065565,
            "min": 0,
            "med": 1.2774,
            "thresholds": {
                "p(95)<2000": false,
                "p(99)<4000": false
            }
        }
    },
    "setup_data": {
        "baseUrl": "http://localhost:5000"
    },
    "root_group": {
        "path": "",
        "id": "d41d8cd98f00b204e9800998ecf8427e",
        "groups": {
            "setup": {
                "name": "setup",
                "path": "::setup",
                "id": "5c0f8025f7e0b6654089e5b00e950f1a",
                "groups": {},
                "checks": {
                        "setup healthz status is 200": {
                            "name": "setup healthz status is 200",
                            "path": "::setup::setup healthz status is 200",
                            "id": "52cf0e86ae72334631543b8cf12e8409",
                            "passes": 1,
                            "fails": 0
                        },
                        "setup auth works": {
                            "name": "setup auth works",
                            "path": "::setup::setup auth works",
                            "id": "83ee81d1965aef7955d85a2fdb1b0c7d",
                            "passes": 0,
                            "fails": 1
                        }
                    }
            }
        },
        "checks": {
            "healthz status is 200": {
                "passes": 7201,
                "fails": 0,
                "name": "healthz status is 200",
                "path": "::healthz status is 200",
                "id": "b1dcb6305e1a7be2db9fd35109fecc20"
            },
            "auth_me status is 200": {
                "id": "1a3653ec9153eba6d3127b26f55b8c0d",
                "passes": 0,
                "fails": 23099,
                "name": "auth_me status is 200",
                "path": "::auth_me status is 200"
            },
            "auth_me content-type is json": {
                "name": "auth_me content-type is json",
                "path": "::auth_me content-type is json",
                "id": "c5beee25e4634f80c711ff05955921cd",
                "passes": 23099,
                "fails": 0
            },
            "auth_me_members status is 200": {
                "id": "269bdfb8625b97a3e47a45e145980ccb",
                "passes": 0,
                "fails": 13439,
                "name": "auth_me_members status is 200",
                "path": "::auth_me_members status is 200"
            },
            "auth_me_members content-type is json": {
                "path": "::auth_me_members content-type is json",
                "id": "2c33bb0c0c24fdab64bc597b64ddd5eb",
                "passes": 13439,
                "fails": 0,
                "name": "auth_me_members content-type is json"
            },
            "dashboard_stats status is 200": {
                "name": "dashboard_stats status is 200",
                "path": "::dashboard_stats status is 200",
                "id": "e7d0a8b48dd23f49168305a9c5b2f8b8",
                "passes": 0,
                "fails": 23099
            },
            "dashboard_stats content-type is json": {
                "fails": 0,
                "name": "dashboard_stats content-type is json",
                "path": "::dashboard_stats content-type is json",
                "id": "9d625085f0723cbdab46b7bfb3c949a6",
                "passes": 23099
            },
            "dashboard_setup_status status is 200": {
                "fails": 23099,
                "name": "dashboard_setup_status status is 200",
                "path": "::dashboard_setup_status status is 200",
                "id": "b0738c57e56758b2eed01e3df9def859",
                "passes": 0
            },
            "dashboard_setup_status content-type is json": {
                "name": "dashboard_setup_status content-type is json",
                "path": "::dashboard_setup_status content-type is json",
                "id": "f8ec85fa8de5a44929602e6750f42c16",